[
  {
    "id": "35bf4e7a-8098-401b-afd0-7e235825ca15",
    "data": [
      {
        "text": "Fever, shortness of breath and cough",
        "userDefined": false
      }
    ],
    "isTemplate": false,
    "count": 0,
    "updated": 0
  },
  {
    "id": "512f9b19-4475-4d84-b83b-ab73693236cd",
    "data": [
      {
        "text": "Fever, shortness of breath,cough",
        "userDefined": false
      }
    ],
    "isTemplate": false,
    "count": 0,
    "updated": 0
  },
  {
    "id": "a0fab649-92b1-4c3f-8ef9-8f0670b454c2",
    "data": [
      {
        "text": "Fever, shortness of breath",
        "userDefined": false
      }
    ],
    "isTemplate": false,
    "count": 0,
    "updated": 0
  },
  {
    "id": "07503510-7ddf-40d1-a14f-bbd00f14db74",
    "data": [
      {
        "text": "Fever and shortness of breath and cough",
        "userDefined": false
      }
    ],
    "isTemplate": false,
    "count": 0,
    "updated": 0
  },
  {
    "id": "315f6c1c-6a73-41bc-a838-2578386b02d2",
    "data": [
      {
        "text": "Fever and Shortness of breath",
        "userDefined": false
      }
    ],
    "isTemplate": false,
    "count": 0,
    "updated": 0
  }
]