[
  {
    "id": "43a65254-6036-4332-a627-142d679e9420",
    "data": [
      {
        "text": "Between 99.5  F and 100.4 F",
        "userDefined": false
      }
    ],
    "isTemplate": false,
    "count": 0,
    "updated": 0
  },
  {
    "id": "3d3fe214-f910-4733-b0d6-a332ebc19a1d",
    "data": [
      {
        "text": "Between ",
        "userDefined": false
      },
      {
        "text": "100.4 F",
        "meta": "@sys.ignore",
        "userDefined": false
      },
      {
        "text": " and ",
        "userDefined": false
      },
      {
        "text": "104 F",
        "meta": "@sys.ignore",
        "userDefined": false
      }
    ],
    "isTemplate": false,
    "count": 0,
    "updated": 0
  },
  {
    "id": "71489161-74ca-45de-a11c-691a24001d12",
    "data": [
      {
        "text": "Greater than ",
        "userDefined": false
      },
      {
        "text": "104 F",
        "meta": "@sys.ignore",
        "userDefined": false
      }
    ],
    "isTemplate": false,
    "count": 0,
    "updated": 0
  },
  {
    "id": "1af68cf5-cb81-4bff-a7ca-96e3b278b928",
    "data": [
      {
        "text": "Not taken my temperature",
        "userDefined": false
      }
    ],
    "isTemplate": false,
    "count": 0,
    "updated": 0
  },
  {
    "id": "adb658f4-06f9-497d-9ecd-91e75758cc1a",
    "data": [
      {
        "text": "show me the following results",
        "userDefined": false
      }
    ],
    "isTemplate": false,
    "count": 0,
    "updated": 0
  },
  {
    "id": "5996278b-874f-4076-9bc5-21b2a0a803da",
    "data": [
      {
        "text": "next page",
        "userDefined": false
      }
    ],
    "isTemplate": false,
    "count": 0,
    "updated": 0
  },
  {
    "id": "2fea2035-8dfe-465d-b47e-fe02e28686bd",
    "data": [
      {
        "text": "go to the next page",
        "userDefined": false
      }
    ],
    "isTemplate": false,
    "count": 0,
    "updated": 0
  },
  {
    "id": "ca41659f-9750-4ea4-961d-1c62dcbdb23b",
    "data": [
      {
        "text": "switch to the next",
        "userDefined": false
      }
    ],
    "isTemplate": false,
    "count": 0,
    "updated": 0
  },
  {
    "id": "352142de-db9f-4b30-9595-e4e3ff10b610",
    "data": [
      {
        "text": "show me the next page",
        "userDefined": false
      }
    ],
    "isTemplate": false,
    "count": 0,
    "updated": 0
  },
  {
    "id": "df8bdd6f-7219-4459-8051-46784570f77d",
    "data": [
      {
        "text": "read the next results",
        "userDefined": false
      }
    ],
    "isTemplate": false,
    "count": 0,
    "updated": 0
  },
  {
    "id": "535aaad0-349e-41ad-8450-bc8bd05b6d3a",
    "data": [
      {
        "text": "following result",
        "userDefined": false
      }
    ],
    "isTemplate": false,
    "count": 0,
    "updated": 0
  },
  {
    "id": "55baaa4c-5511-4d49-8ed8-5bf3a95679eb",
    "data": [
      {
        "text": "go forward",
        "userDefined": false
      }
    ],
    "isTemplate": false,
    "count": 0,
    "updated": 0
  },
  {
    "id": "a8a8c767-7bb5-426f-a692-81ad852c573d",
    "data": [
      {
        "text": "next",
        "userDefined": false
      }
    ],
    "isTemplate": false,
    "count": 0,
    "updated": 0
  },
  {
    "id": "5a0dccba-5298-43d4-876b-8499e4fdec72",
    "data": [
      {
        "text": "show me next",
        "userDefined": false
      }
    ],
    "isTemplate": false,
    "count": 0,
    "updated": 0
  }
]