[
  {
    "id": "a3b0c757-fde6-478c-beb7-168a9e2cb84a",
    "data": [
      {
        "text": "My age is ",
        "userDefined": false
      },
      {
        "text": "12",
        "alias": "age",
        "meta": "@sys.age",
        "userDefined": true
      },
      {
        "text": " years.",
        "userDefined": false
      }
    ],
    "isTemplate": false,
    "count": 0,
    "updated": 0
  },
  {
    "id": "8d8a04f3-d7e1-4d58-82ad-2b2cf466ac9e",
    "data": [
      {
        "text": "I am ",
        "userDefined": false
      },
      {
        "text": "17",
        "alias": "age",
        "meta": "@sys.age",
        "userDefined": true
      },
      {
        "text": " years old.",
        "userDefined": false
      }
    ],
    "isTemplate": false,
    "count": 0,
    "updated": 0
  },
  {
    "id": "f2085513-333e-4562-a19d-1a7264fd4f6f",
    "data": [
      {
        "text": "89",
        "alias": "age",
        "meta": "@sys.age",
        "userDefined": true
      }
    ],
    "isTemplate": false,
    "count": 0,
    "updated": 0
  },
  {
    "id": "521a5133-8abb-49e0-956c-b362493d70fe",
    "data": [
      {
        "text": "My age is ",
        "userDefined": false
      },
      {
        "text": "89",
        "alias": "age",
        "meta": "@sys.age",
        "userDefined": true
      }
    ],
    "isTemplate": false,
    "count": 0,
    "updated": 0
  },
  {
    "id": "7eb3fe66-51b5-491b-960a-e45961cfca94",
    "data": [
      {
        "text": "I am ",
        "userDefined": false
      },
      {
        "text": "29",
        "alias": "age",
        "meta": "@sys.age",
        "userDefined": true
      }
    ],
    "isTemplate": false,
    "count": 0,
    "updated": 0
  }
]