[
  {
    "id": "47173657-f4e4-4615-9e65-115caba1aa19",
    "data": [
      {
        "text": "None Of These",
        "userDefined": false
      }
    ],
    "isTemplate": false,
    "count": 0,
    "updated": 0
  },
  {
    "id": "a0a9215e-8daa-407d-a58f-de18942407b2",
    "data": [
      {
        "text": "History Of Kidney Failure",
        "userDefined": false
      }
    ],
    "isTemplate": false,
    "count": 0,
    "updated": 0
  },
  {
    "id": "ca67681d-a38e-4b8b-a0f6-f1372bcfba77",
    "data": [
      {
        "text": "Current Cancer",
        "userDefined": false
      }
    ],
    "isTemplate": false,
    "count": 0,
    "updated": 0
  },
  {
    "id": "cf5469d2-f2ad-4423-8a74-55d864ed5f66",
    "data": [
      {
        "text": "Chronic Liver Disease",
        "userDefined": false
      }
    ],
    "isTemplate": false,
    "count": 0,
    "updated": 0
  },
  {
    "id": "9e5dc0d3-92cb-4cda-a3e4-e5b3b7619d03",
    "data": [
      {
        "text": "Weakened Immune System",
        "userDefined": false
      }
    ],
    "isTemplate": false,
    "count": 0,
    "updated": 0
  },
  {
    "id": "d3bd809c-f6b5-4de7-86b9-5386c0ecc2eb",
    "data": [
      {
        "text": "History Of Heart Failure",
        "userDefined": false
      }
    ],
    "isTemplate": false,
    "count": 0,
    "updated": 0
  },
  {
    "id": "0ad8d99a-9854-4b8d-9d32-7d824e86ba55",
    "data": [
      {
        "text": "Chronic Lung Disease",
        "userDefined": false
      }
    ],
    "isTemplate": false,
    "count": 0,
    "updated": 0
  }
]