[
  {
    "id": "f7e55303-7e56-4cda-971d-1002c6194d37",
    "data": [
      {
        "text": "Diarrhea",
        "userDefined": false
      }
    ],
    "isTemplate": false,
    "count": 0,
    "updated": 0
  },
  {
    "id": "e418d7f8-6aea-47e6-a5f3-bd84d9a4a604",
    "data": [
      {
        "text": "chills",
        "userDefined": false
      }
    ],
    "isTemplate": false,
    "count": 0,
    "updated": 0
  },
  {
    "id": "3f51a9a3-b41d-410b-831d-b87b71a54613",
    "data": [
      {
        "text": "sore throat",
        "userDefined": false
      }
    ],
    "isTemplate": false,
    "count": 0,
    "updated": 0
  },
  {
    "id": "5ac9098b-c0a4-4a38-8c8c-026a7a3df036",
    "data": [
      {
        "text": "headache",
        "userDefined": false
      }
    ],
    "isTemplate": false,
    "count": 0,
    "updated": 0
  },
  {
    "id": "a2a0e49c-66b9-4142-a804-d43edad5aa81",
    "data": [
      {
        "text": "nausea",
        "userDefined": false
      }
    ],
    "isTemplate": false,
    "count": 0,
    "updated": 0
  },
  {
    "id": "53c07c39-d124-4222-a4c9-8896c52f70ba",
    "data": [
      {
        "text": "Muscle pain",
        "userDefined": false
      }
    ],
    "isTemplate": false,
    "count": 0,
    "updated": 0
  }
]