[
  {
    "id": "65025f66-192f-4f5c-9234-7897e101a455",
    "data": [
      {
        "text": "Not taken the temperature",
        "userDefined": false
      }
    ],
    "isTemplate": false,
    "count": 0,
    "updated": 0
  },
  {
    "id": "d2de4e1f-8afa-40e0-bcb3-2e43cb60c8e3",
    "data": [
      {
        "text": "Between ",
        "userDefined": false
      },
      {
        "text": "100.4",
        "meta": "@sys.ignore",
        "userDefined": false
      },
      {
        "text": " F and ",
        "userDefined": false
      },
      {
        "text": "104",
        "meta": "@sys.ignore",
        "userDefined": false
      },
      {
        "text": " F",
        "userDefined": false
      }
    ],
    "isTemplate": false,
    "count": 0,
    "updated": 0
  },
  {
    "id": "325fa748-f4cd-4f89-acd2-6c459a7c8e83",
    "data": [
      {
        "text": "Between ",
        "userDefined": false
      },
      {
        "text": "99.5",
        "meta": "@sys.ignore",
        "userDefined": false
      },
      {
        "text": " F and ",
        "userDefined": false
      },
      {
        "text": "100.4",
        "meta": "@sys.ignore",
        "userDefined": false
      },
      {
        "text": " F",
        "userDefined": false
      }
    ],
    "isTemplate": false,
    "count": 0,
    "updated": 0
  }
]