[
  {
    "id": "e9913047-bc8d-4f69-9244-ef7084807e96",
    "data": [
      {
        "text": "chills",
        "userDefined": false
      }
    ],
    "isTemplate": false,
    "count": 0,
    "updated": 0
  },
  {
    "id": "060b6eaa-e9ac-49f0-8f12-91067694ea1c",
    "data": [
      {
        "text": "Sore Throat",
        "userDefined": false
      }
    ],
    "isTemplate": false,
    "count": 0,
    "updated": 0
  },
  {
    "id": "bba34523-c181-4c2f-b52b-b163eaef3b59",
    "data": [
      {
        "text": "Muscle pain",
        "userDefined": false
      }
    ],
    "isTemplate": false,
    "count": 0,
    "updated": 0
  },
  {
    "id": "fe1b7c4d-c480-4c30-bd74-137bf519a4ca",
    "data": [
      {
        "text": "Diarrhea",
        "userDefined": false
      }
    ],
    "isTemplate": false,
    "count": 0,
    "updated": 0
  },
  {
    "id": "7f51f352-ed19-4d9b-9734-a2fb3eebfa88",
    "data": [
      {
        "text": "Nausea",
        "userDefined": false
      }
    ],
    "isTemplate": false,
    "count": 0,
    "updated": 0
  },
  {
    "id": "5e96ab56-0c7a-43a2-8fca-bc73de67b83f",
    "data": [
      {
        "text": "Headache",
        "userDefined": false
      }
    ],
    "isTemplate": false,
    "count": 0,
    "updated": 0
  }
]