[
  {
    "id": "c970d07a-d1b2-4a64-a544-3672b2d4c15b",
    "data": [
      {
        "text": "shortness of breath",
        "userDefined": false
      }
    ],
    "isTemplate": false,
    "count": 0,
    "updated": 0
  },
  {
    "id": "807ad566-d5e9-435c-bff7-41e6897dde88",
    "data": [
      {
        "text": "Cough",
        "userDefined": false
      }
    ],
    "isTemplate": false,
    "count": 0,
    "updated": 0
  },
  {
    "id": "1e7a09a3-fdff-45c6-bb80-9a98e428ad46",
    "data": [
      {
        "text": "Fever",
        "userDefined": false
      }
    ],
    "isTemplate": false,
    "count": 0,
    "updated": 0
  },
  {
    "id": "34595e34-6827-4068-a575-dc86f1e8af09",
    "data": [
      {
        "text": "Fever Cough",
        "userDefined": false
      }
    ],
    "isTemplate": false,
    "count": 0,
    "updated": 0
  },
  {
    "id": "192cabbe-b4bf-42bd-ab42-d044d59350a9",
    "data": [
      {
        "text": "Fever, Cough",
        "userDefined": false
      }
    ],
    "isTemplate": false,
    "count": 0,
    "updated": 0
  },
  {
    "id": "3e0ccd40-3f9f-43f0-bd15-e825f27815b8",
    "data": [
      {
        "text": "Fever and Cough",
        "userDefined": false
      }
    ],
    "isTemplate": false,
    "count": 0,
    "updated": 0
  }
]