[
  {
    "action": "smalltalk.agent.acquaintance",
    "customAnswers": [
      "I am your Symptom checker"
    ]
  },
  {
    "action": "smalltalk.greetings.goodevening",
    "customAnswers": [
      "Good evening! How are you feeling today?"
    ]
  },
  {
    "action": "smalltalk.greetings.goodmorning",
    "customAnswers": [
      "Good morning! How are you feeling today?"
    ]
  },
  {
    "action": "smalltalk.greetings.goodnight",
    "customAnswers": [
      "Good night!"
    ]
  },
  {
    "action": "smalltalk.greetings.hello",
    "customAnswers": [
      "Hello! How are you feeling today?"
    ]
  }
]